# export: uv-vis reference, synthetic fixture (CS-0703)
# columns: wavelength_nm, absorbance
wavelength,absorbance
200.0,0.020000
201.0,0.020000
202.0,0.020000
203.0,0.020000
204.0,0.020000
205.0,0.020000
206.0,0.020000
207.0,0.020000
208.0,0.020000
209.0,0.020000
210.0,0.020000
211.0,0.020000
212.0,0.020000
213.0,0.020000
214.0,0.020000
215.0,0.020000
216.0,0.020001
217.0,0.020001
218.0,0.020001
219.0,0.020002
220.0,0.020003
221.0,0.020005
222.0,0.020007
223.0,0.020010
224.0,0.020015
225.0,0.020022
226.0,0.020032
227.0,0.020046
228.0,0.020067
229.0,0.020096
230.0,0.020136
231.0,0.020192
232.0,0.020268
233.0,0.020373
234.0,0.020516
235.0,0.020707
236.0,0.020963
237.0,0.021303
238.0,0.021750
239.0,0.022335
240.0,0.023093
241.0,0.024069
242.0,0.025316
243.0,0.026897
244.0,0.028887
245.0,0.031372
246.0,0.034450
247.0,0.038235
248.0,0.042852
249.0,0.048440
250.0,0.055150
251.0,0.063141
252.0,0.072583
253.0,0.083648
254.0,0.096508
255.0,0.111329
256.0,0.128268
257.0,0.147460
258.0,0.169016
259.0,0.193012
260.0,0.219482
261.0,0.248409
262.0,0.279722
263.0,0.313283
264.0,0.348890
265.0,0.386267
266.0,0.425068
267.0,0.464881
268.0,0.505225
269.0,0.545564
270.0,0.585319
271.0,0.623872
272.0,0.660590
273.0,0.694838
274.0,0.725998
275.0,0.753484
276.0,0.776768
277.0,0.795387
278.0,0.808966
279.0,0.817227
280.0,0.820000
281.0,0.817227
282.0,0.808966
283.0,0.795387
284.0,0.776768
285.0,0.753484
286.0,0.725998
287.0,0.694838
288.0,0.660590
289.0,0.623872
290.0,0.585319
291.0,0.545565
292.0,0.505225
293.0,0.464881
294.0,0.425069
295.0,0.386267
296.0,0.348891
297.0,0.313285
298.0,0.279723
299.0,0.248411
300.0,0.219484
301.0,0.193014
302.0,0.169019
303.0,0.147464
304.0,0.128272
305.0,0.111334
306.0,0.096513
307.0,0.083653
308.0,0.072590
309.0,0.063149
310.0,0.055159
311.0,0.048451
312.0,0.042865
313.0,0.038250
314.0,0.034468
315.0,0.031392
316.0,0.028910
317.0,0.026924
318.0,0.025347
319.0,0.024105
320.0,0.023135
321.0,0.022383
322.0,0.021806
323.0,0.021367
324.0,0.021037
325.0,0.020792
326.0,0.020613
327.0,0.020485
328.0,0.020397
329.0,0.020338
330.0,0.020304
331.0,0.020287
332.0,0.020285
333.0,0.020295
334.0,0.020315
335.0,0.020344
336.0,0.020381
337.0,0.020425
338.0,0.020477
339.0,0.020537
340.0,0.020605
341.0,0.020682
342.0,0.020768
343.0,0.020865
344.0,0.020973
345.0,0.021094
346.0,0.021229
347.0,0.021378
348.0,0.021544
349.0,0.021729
350.0,0.021933
351.0,0.022159
352.0,0.022409
353.0,0.022684
354.0,0.022988
355.0,0.023323
356.0,0.023690
357.0,0.024094
358.0,0.024538
359.0,0.025023
360.0,0.025554
361.0,0.026135
362.0,0.026769
363.0,0.027460
364.0,0.028213
365.0,0.029032
366.0,0.029921
367.0,0.030885
368.0,0.031930
369.0,0.033061
370.0,0.034283
371.0,0.035602
372.0,0.037024
373.0,0.038555
374.0,0.040201
375.0,0.041968
376.0,0.043864
377.0,0.045895
378.0,0.048067
379.0,0.050388
380.0,0.052864
381.0,0.055503
382.0,0.058310
383.0,0.061294
384.0,0.064461
385.0,0.067817
386.0,0.071370
387.0,0.075125
388.0,0.079089
389.0,0.083268
390.0,0.087668
391.0,0.092292
392.0,0.097148
393.0,0.102237
394.0,0.107565
395.0,0.113135
396.0,0.118949
397.0,0.125010
398.0,0.131317
399.0,0.137873
400.0,0.144676
401.0,0.151725
402.0,0.159019
403.0,0.166553
404.0,0.174324
405.0,0.182326
406.0,0.190554
407.0,0.199000
408.0,0.207656
409.0,0.216511
410.0,0.225556
411.0,0.234779
412.0,0.244166
413.0,0.253703
414.0,0.263376
415.0,0.273168
416.0,0.283061
417.0,0.293037
418.0,0.303077
419.0,0.313160
420.0,0.323265
421.0,0.333370
422.0,0.343453
423.0,0.353488
424.0,0.363454
425.0,0.373324
426.0,0.383075
427.0,0.392680
428.0,0.402114
429.0,0.411352
430.0,0.420369
431.0,0.429138
432.0,0.437635
433.0,0.445835
434.0,0.453714
435.0,0.461248
436.0,0.468415
437.0,0.475192
438.0,0.481558
439.0,0.487494
440.0,0.492980
441.0,0.497999
442.0,0.502535
443.0,0.506572
444.0,0.510099
445.0,0.513104
446.0,0.515575
447.0,0.517506
448.0,0.518890
449.0,0.519722
450.0,0.520000
451.0,0.519722
452.0,0.518890
453.0,0.517506
454.0,0.515575
455.0,0.513104
456.0,0.510099
457.0,0.506572
458.0,0.502535
459.0,0.497999
460.0,0.492980
461.0,0.487494
462.0,0.481558
463.0,0.475192
464.0,0.468415
465.0,0.461248
466.0,0.453714
467.0,0.445835
468.0,0.437635
469.0,0.429138
470.0,0.420369
471.0,0.411352
472.0,0.402114
473.0,0.392680
474.0,0.383075
475.0,0.373324
476.0,0.363454
477.0,0.353488
478.0,0.343453
479.0,0.333370
480.0,0.323265
481.0,0.313160
482.0,0.303077
483.0,0.293037
484.0,0.283061
485.0,0.273168
486.0,0.263376
487.0,0.253703
488.0,0.244166
489.0,0.234779
490.0,0.225556
491.0,0.216511
492.0,0.207656
493.0,0.199000
494.0,0.190554
495.0,0.182326
496.0,0.174324
497.0,0.166553
498.0,0.159019
499.0,0.151725
500.0,0.144676
501.0,0.137873
502.0,0.131317
503.0,0.125010
504.0,0.118949
505.0,0.113135
506.0,0.107565
507.0,0.102237
508.0,0.097148
509.0,0.092292
510.0,0.087668
511.0,0.083268
512.0,0.079089
513.0,0.075125
514.0,0.071370
515.0,0.067817
516.0,0.064461
517.0,0.061294
518.0,0.058310
519.0,0.055503
520.0,0.052864
521.0,0.050388
522.0,0.048067
523.0,0.045895
524.0,0.043864
525.0,0.041968
526.0,0.040201
527.0,0.038555
528.0,0.037024
529.0,0.035602
530.0,0.034283
531.0,0.033061
532.0,0.031930
533.0,0.030885
534.0,0.029921
535.0,0.029032
536.0,0.028213
537.0,0.027460
538.0,0.026769
539.0,0.026135
540.0,0.025554
541.0,0.025023
542.0,0.024538
543.0,0.024094
544.0,0.023690
545.0,0.023323
546.0,0.022988
547.0,0.022684
548.0,0.022409
549.0,0.022159
550.0,0.021933
551.0,0.021729
552.0,0.021544
553.0,0.021378
554.0,0.021228
555.0,0.021094
556.0,0.020973
557.0,0.020864
558.0,0.020767
559.0,0.020680
560.0,0.020602
561.0,0.020532
562.0,0.020470
563.0,0.020415
564.0,0.020366
565.0,0.020322
566.0,0.020283
567.0,0.020249
568.0,0.020219
569.0,0.020192
570.0,0.020168
571.0,0.020147
572.0,0.020128
573.0,0.020112
574.0,0.020098
575.0,0.020085
576.0,0.020074
577.0,0.020064
578.0,0.020056
579.0,0.020048
580.0,0.020042
581.0,0.020036
582.0,0.020031
583.0,0.020027
584.0,0.020023
585.0,0.020020
586.0,0.020017
587.0,0.020015
588.0,0.020013
589.0,0.020011
590.0,0.020009
591.0,0.020008
592.0,0.020007
593.0,0.020006
594.0,0.020005
595.0,0.020004
596.0,0.020004
597.0,0.020003
598.0,0.020003
599.0,0.020002
600.0,0.020002
601.0,0.020002
602.0,0.020001
603.0,0.020001
604.0,0.020001
605.0,0.020001
606.0,0.020001
607.0,0.020001
608.0,0.020000
609.0,0.020000
610.0,0.020000
611.0,0.020000
612.0,0.020000
613.0,0.020000
614.0,0.020000
615.0,0.020000
616.0,0.020000
617.0,0.020000
618.0,0.020000
619.0,0.020000
620.0,0.020000
621.0,0.020000
622.0,0.020000
623.0,0.020000
624.0,0.020000
625.0,0.020000
626.0,0.020000
627.0,0.020000
628.0,0.020000
629.0,0.020000
630.0,0.020000
631.0,0.020000
632.0,0.020000
633.0,0.020000
634.0,0.020000
635.0,0.020000
636.0,0.020000
637.0,0.020000
638.0,0.020000
639.0,0.020000
640.0,0.020000
641.0,0.020000
642.0,0.020000
643.0,0.020000
644.0,0.020000
645.0,0.020000
646.0,0.020000
647.0,0.020000
648.0,0.020000
649.0,0.020000
650.0,0.020000
651.0,0.020000
652.0,0.020000
653.0,0.020000
654.0,0.020000
655.0,0.020000
656.0,0.020000
657.0,0.020000
658.0,0.020000
659.0,0.020000
660.0,0.020000
661.0,0.020000
662.0,0.020000
663.0,0.020000
664.0,0.020000
665.0,0.020000
666.0,0.020000
667.0,0.020000
668.0,0.020000
669.0,0.020000
670.0,0.020000
671.0,0.020000
672.0,0.020000
673.0,0.020000
674.0,0.020000
675.0,0.020000
676.0,0.020000
677.0,0.020000
678.0,0.020000
679.0,0.020000
680.0,0.020000
681.0,0.020000
682.0,0.020000
683.0,0.020000
684.0,0.020000
685.0,0.020000
686.0,0.020000
687.0,0.020000
688.0,0.020000
689.0,0.020000
690.0,0.020000
691.0,0.020000
692.0,0.020000
693.0,0.020000
694.0,0.020000
695.0,0.020000
696.0,0.020000
697.0,0.020000
698.0,0.020000
699.0,0.020000
700.0,0.020000
701.0,0.020000
702.0,0.020000
703.0,0.020000
704.0,0.020000
705.0,0.020000
706.0,0.020000
707.0,0.020000
708.0,0.020000
709.0,0.020000
710.0,0.020000
711.0,0.020000
712.0,0.020000
713.0,0.020000
714.0,0.020000
715.0,0.020000
716.0,0.020000
717.0,0.020000
718.0,0.020000
719.0,0.020000
720.0,0.020000
721.0,0.020000
722.0,0.020000
723.0,0.020000
724.0,0.020000
725.0,0.020000
726.0,0.020000
727.0,0.020000
728.0,0.020000
729.0,0.020000
730.0,0.020000
731.0,0.020000
732.0,0.020000
733.0,0.020000
734.0,0.020000
735.0,0.020000
736.0,0.020000
737.0,0.020000
738.0,0.020000
739.0,0.020000
740.0,0.020000
741.0,0.020000
742.0,0.020000
743.0,0.020000
744.0,0.020000
745.0,0.020000
746.0,0.020000
747.0,0.020000
748.0,0.020000
749.0,0.020000
750.0,0.020000
751.0,0.020000
752.0,0.020000
753.0,0.020000
754.0,0.020000
755.0,0.020000
756.0,0.020000
757.0,0.020000
758.0,0.020000
759.0,0.020000
760.0,0.020000
761.0,0.020000
762.0,0.020000
763.0,0.020000
764.0,0.020000
765.0,0.020000
766.0,0.020000
767.0,0.020000
768.0,0.020000
769.0,0.020000
770.0,0.020000
771.0,0.020000
772.0,0.020000
773.0,0.020000
774.0,0.020000
775.0,0.020000
776.0,0.020000
777.0,0.020000
778.0,0.020000
779.0,0.020000
780.0,0.020000
781.0,0.020000
782.0,0.020000
783.0,0.020000
784.0,0.020000
785.0,0.020000
786.0,0.020000
787.0,0.020000
788.0,0.020000
789.0,0.020000
790.0,0.020000
791.0,0.020000
792.0,0.020000
793.0,0.020000
794.0,0.020000
795.0,0.020000
796.0,0.020000
797.0,0.020000
798.0,0.020000
799.0,0.020000
800.0,0.020000
